EoA,Qualtrics code
EoA001,200dad574c2f3670286a
EoA002,b049220473eab0b0ad3f
EoA002,b049220473eab0b0ad3f
EoA002,b049220473eab0b0ad3f
EoA003,57f9f9dea0b173906d4c
EoA003,57f9f9dea0b173906d4c
EoA003,57f9f9dea0b173906d4c
EoA004,5f32fe958abceee500a2
EoA004,5f32fe958abceee500a2
EoA006,121e2a1debd1471da800
EoA006,121e2a1debd1471da800
EoA007,c37bcbba63de621f750d
EoA008,5f4151bcad2aff6f55ed
EoA008,5f4151bcad2aff6f55ed
EoA009,d82275d400b59a2a92db
EoA009,d82275d400b59a2a92db
EoA012,fdd0de9762e2d5f1940c
EoA011,a16f9c177daad5c2d285
EoA011,a16f9c177daad5c2d285
EoA011,a16f9c177daad5c2d285
EoA013,407e29943aa1175f851c
EoA014,7afde9495834cedf8744
EoA015,1dff4ebdafc63c38480e
EoA015,1dff4ebdafc63c38480e
EoA016,01c7858678bdf61fb11f
EoA016,01c7858678bdf61fb11f
EoA016,01c7858678bdf61fb11f
EoA016,01c7858678bdf61fb11f
EoA016,01c7858678bdf61fb11f
EoA017,2f4e69383265a75248b4
EoA019,0227544c937c4c7a6189
EoA019,0227544c937c4c7a6189
EoA020,2c05ee814aaea9437931
EoA020,2c05ee814aaea9437931
EoA020,2c05ee814aaea9437931
EoA021,5376ae90480cd0a22ea0
EoA018,a3e6ad822f42ee782fa7
EoA022,bf0bc703b8d19a1665f6
EoA024,a7689d91774b18b463b8
EoA026,3340a1263b744e844b00
EoA026,3340a1263b744e844b00
EoA026,3340a1263b744e844b00
EoA026,3340a1263b744e844b00
EoA023,875985b764a541ec7441
EoA023,875985b764a541ec7441
EoA025,b97045f52d2e02063490
EoA027,05a8ac8ac8c27a4e2621
EoA027,05a8ac8ac8c27a4e2621
EoA028,914135595adb4c69284f
EoA028,914135595adb4c69284f
EoA028,914135595adb4c69284f
EoA028,914135595adb4c69284f
EoA028,914135595adb4c69284f
EoA029,d88b2f02d6f445e5563f
EoA029,d88b2f02d6f445e5563f
EoA030,1cbe3143ab271ef449ad
EoA030,1cbe3143ab271ef449ad
EoA030,1cbe3143ab271ef449ad
EoA030,1cbe3143ab271ef449ad
EoA031,bad2ed7910cfeb1d424b
EoA031,bad2ed7910cfeb1d424b
EoA032,3b33527358d6b594b632
EoA033,390a3eea7e2c4a51e32b
EoA034,56ea1153629ebff9a9ae
EoA034,56ea1153629ebff9a9ae
EoA035,6fba7f2454917fa38197
EoA035,6fba7f2454917fa38197
EoA035,6fba7f2454917fa38197
EoA036,c440cf9fbf79bae9ceff
EoA037,ca5d91b06c968bbd60e7
EoA038,2784773bf740f0e462e6
EoA038,2784773bf740f0e462e6
EoA038,2784773bf740f0e462e6
EoA039,65c9522b71f962e93d26
EoA040,43ae28c6afc2fec22627
EoA040,43ae28c6afc2fec22627
EoA042,8eefcc7b813bb5f42a91
EoA044,f7f8cceeec5493ffb209
EoA043,ffba7bb2e9e2401b7324
EoA043,ffba7bb2e9e2401b7324
EoA046,f64d1af24eaadccb67aa
EoA045,e3c2bd437eb9fca23f19
EoA045,e3c2bd437eb9fca23f19
EoA045,e3c2bd437eb9fca23f19
EoA045,e3c2bd437eb9fca23f19
EoA045,e3c2bd437eb9fca23f19
EoA047,ff8d065f88fa42bedba6
EoA047,ff8d065f88fa42bedba6
EoA048,7d8e2b85234543f2fabe
EoA048,7d8e2b85234543f2fabe
EoA048,7d8e2b85234543f2fabe
EoA041,8b2d28701c97c6c3e47b
EoA041,8b2d28701c97c6c3e47b
EoA049,89a1acfa6bac5e5c9f7f
EoA049,89a1acfa6bac5e5c9f7f
EoA051,58ebfbd9dea62dd1d6ff
EoA052,9d9e2e2f287380fc2f2f
EoA052,9d9e2e2f287380fc2f2f
EoA053,737df06abc02151c1088
EoA053,737df06abc02151c1088
EoA053,737df06abc02151c1088
EoA053,737df06abc02151c1088
EoA053,737df06abc02151c1088
EoA054,c1ca7ad5ad38158982d4
EoA054,c1ca7ad5ad38158982d4
EoA055,ca8621019bd9525fde57
EoA055,ca8621019bd9525fde57
EoA055,ca8621019bd9525fde57
EoA056,6e642470f7dcfe9b069b
EoA056,6e642470f7dcfe9b069b
EoA056,6e642470f7dcfe9b069b
EoA056,6e642470f7dcfe9b069b
EoA056,6e642470f7dcfe9b069b
EoA057,733a9d43d13d93161537
EoA058,6caacee4054fa48ba81f
EoA059,650c8941e84960c9a943
EoA059,650c8941e84960c9a943
EoA059,650c8941e84960c9a943
EoA059,650c8941e84960c9a943
EoA060,8455995001b483074a86
EoA061,86e2ed897305ddfe2f87
EoA061,86e2ed897305ddfe2f87
EoA061,86e2ed897305ddfe2f87
EoA061,86e2ed897305ddfe2f87
EoA062,d6ba35fe00ffba838d96
EoA063,4db8b4519ac472e7c4d3
EoA064,740363dc29413283bed2
EoA064,740363dc29413283bed2
EoA064,740363dc29413283bed2
EoA064,740363dc29413283bed2
EoA064,740363dc29413283bed2
EoA065,e90ce20b35685ba401e9
EoA066,7ede78173fffdba13aeb
EoA067,1975e9325f3fae150c1b
EoA068,f2b1f1a40aa406e9d90b
EoA068,f2b1f1a40aa406e9d90b
EoA068,f2b1f1a40aa406e9d90b
EoA070,14be37cda9792ae90166
EoA070,14be37cda9792ae90166
EoA069,26851b552b64edf0f26a
EoA071,dfccaf4b575ed5cfffb9
EoA073,8875804789172271265b
EoA073,8875804789172271265b
EoA073,8875804789172271265b
EoA073,8875804789172271265b
EoA073,8875804789172271265b
EoA072,307cd48037427fc69648
EoA072,307cd48037427fc69648
EoA072,307cd48037427fc69648
EoA072,307cd48037427fc69648
EoA074,9af4cf07f06b7f2ac1e2
EoA074,9af4cf07f06b7f2ac1e2
EoA074,9af4cf07f06b7f2ac1e2
EoA074,9af4cf07f06b7f2ac1e2
EoA074,9af4cf07f06b7f2ac1e2
EoA074,9af4cf07f06b7f2ac1e2
EoA074,9af4cf07f06b7f2ac1e2
EoA075,b811f830831e8f9d102a
EoA075,b811f830831e8f9d102a
EoA075,b811f830831e8f9d102a
EoA076,aeb75375b7cf9a3813c6
EoA076,aeb75375b7cf9a3813c6
EoA078,9dce658a13ab606096dd
EoA077,af76fdb43ff65adda279
EoA079,78b63921afb8ff6d1935
EoA079,78b63921afb8ff6d1935
EoA079,78b63921afb8ff6d1935
EoA079,78b63921afb8ff6d1935
EoA079,78b63921afb8ff6d1935
EoA079,78b63921afb8ff6d1935
EoA081,8507e9ae30520b8829c6
EoA081,8507e9ae30520b8829c6
EoA080,41efcce9e18ffe3ca7a6
EoA080,41efcce9e18ffe3ca7a6
EoA010,fe7ffdc423736a2c815e
EoA082,7c1c6ed0b0e4e39a3ab7
EoA082,7c1c6ed0b0e4e39a3ab7
EoA082,7c1c6ed0b0e4e39a3ab7
EoA083,8617b908bdf18057b51e
EoA083,8617b908bdf18057b51e
EoA084,85ba2d294a0b261a02b9
EoA084,85ba2d294a0b261a02b9
EoA084,85ba2d294a0b261a02b9
EoA085,361d9da80c3009f49ed6
EoA085,361d9da80c3009f49ed6
EoA086,d9b995f63cab501c0f4e
EoA086,d9b995f63cab501c0f4e
EoA086,d9b995f63cab501c0f4e
EoA086,d9b995f63cab501c0f4e
EoA086,d9b995f63cab501c0f4e
EoA086,d9b995f63cab501c0f4e
EoA086,d9b995f63cab501c0f4e
EoA087,6b760e4e585750c5cf10
EoA088,efeeb07d37ae5347aaf8
EoA089,7630acd30496da2c1e9a
EoA090,1156860e5fedbd6157c7
EoA090,1156860e5fedbd6157c7
EoA090,1156860e5fedbd6157c7
EoA090,1156860e5fedbd6157c7
EoA091,fa77af4012ea99e51449
EoA091,fa77af4012ea99e51449
EoA091,fa77af4012ea99e51449
EoA092,0592fb038d3c18031f15
EoA092,0592fb038d3c18031f15
EoA093,84e55ea509c209302de5
EoA093,84e55ea509c209302de5
EoA094,612768ad5d2370f8ce1b
EoA094,612768ad5d2370f8ce1b
EoA094,612768ad5d2370f8ce1b
EoA096,e4d02028d51b790472e1
EoA096,e4d02028d51b790472e1
EoA097,3e4307b66c0ec3b2387c
EoA098,5bfd4b84b79dc6af1db1
EoA098,5bfd4b84b79dc6af1db1
EoA095,d881ac454b107f952c7e
EoA095,d881ac454b107f952c7e
EoA095,d881ac454b107f952c7e
EoA099,5e5e4c945992735f2c71
EoA100,671ea9ea11759d026e83
EoA100,671ea9ea11759d026e83
EoA100,671ea9ea11759d026e83
EoA090,4948fc26f88affbda2c8
EoA090,4948fc26f88affbda2c8
EoA090,4948fc26f88affbda2c8
EoA090,4948fc26f88affbda2c8
EoA101,b69a81adf4fdcb9a1b1f
EoA101,b69a81adf4fdcb9a1b1f
EoA101,b69a81adf4fdcb9a1b1f
EoA101,b69a81adf4fdcb9a1b1f
EoA102,1fba48087ac3a7229fa5
EoA102,1fba48087ac3a7229fa5
EoA102,1fba48087ac3a7229fa5
EoA103,7a469eed40f0d4557850
EoA103,7a469eed40f0d4557850
EoA104,4b46170bbbeadb0009ce
EoA105,71d12f3514821d05c116
EoA106,04d06f976bb57f7988b1
EoA106,04d06f976bb57f7988b1
EoA106,04d06f976bb57f7988b1
EoA107,dc883d7d6846909059f7
EoA107,dc883d7d6846909059f7
EoA107,dc883d7d6846909059f7
EoA107,dc883d7d6846909059f7
EoA108,e8ec56f5b62c4795ff68
EoA108,e8ec56f5b62c4795ff68
EoA108,e8ec56f5b62c4795ff68
EoA109,70464fec349f6379b2d6
EoA109,70464fec349f6379b2d6
EoA110,f9d19c8cd99baf512645
EoA110,f9d19c8cd99baf512645
EoA111,a306d53c15a78250c8a9
EoA111,a306d53c15a78250c8a9
EoA111,a306d53c15a78250c8a9
EoA111,a306d53c15a78250c8a9
EoA113,0f87f2cd9684341359ea
EoA114,83312de207fc41d6b451
EoA115,6bec55bb38ff9d6edbbe
EoA115,6bec55bb38ff9d6edbbe
EoA116,cde37483aaa4e6612686
EoA116,cde37483aaa4e6612686
EoA116,cde37483aaa4e6612686
EoA117,c986afafc51d80d041d7
EoA117,c986afafc51d80d041d7
EoA118,5a7d89a00f4ef5deed8f
EoA118,5a7d89a00f4ef5deed8f
EoA118,5a7d89a00f4ef5deed8f
EoA118,5a7d89a00f4ef5deed8f
EoA118,5a7d89a00f4ef5deed8f
EoA118,5a7d89a00f4ef5deed8f
EoA118,5a7d89a00f4ef5deed8f
EoA118,5a7d89a00f4ef5deed8f
EoA118,5a7d89a00f4ef5deed8f
EoA118,5a7d89a00f4ef5deed8f
EoA119,b84f7591f8f397f04cde
EoA119,b84f7591f8f397f04cde
EoA121,f3bd6bfe76a661b36750
EoA120,ab24e3f4b28c3bf29bf3
EoA120,ab24e3f4b28c3bf29bf3
EoA122,28a656e1196890388fa3
EoA122,28a656e1196890388fa3
EoA122,28a656e1196890388fa3
EoA122,28a656e1196890388fa3
EoA123,8c6ffc71d56b1263da1c
EoA124,c7f026415960b76d93a8
EoA124,c7f026415960b76d93a8
EoA125,ac8c9a5445513da17dc3
EoA125,ac8c9a5445513da17dc3
EoA126,b3b4a7acd21ead5d17c7
EoA127,222a50e567293be5ef6c
EoA127,222a50e567293be5ef6c
EoA128,1a7c5179c2153d7f3f07
EoA129,a4e2de9a2fdede2c309f
EoA129,a4e2de9a2fdede2c309f
